"DESCRIPTION","DURATION IN MS","NAME","PARENT SUITE","START TIME","STATUS","STOP TIME","SUB SUITE","SUITE","TEST CLASS","TEST METHOD"
"","4801","shows error dialog","chromeProject","2026-10-10","passed","2026-10-10","Test 4,5,6 : Verify login with invalid credentials > invalid username","loginScenariosPOM.spec.js","",""
"","4951","shows error dialog","chromeProject","2026-10-10","passed","2026-10-10","Test 4,5,6 : Verify login with invalid credentials > invalid password","loginScenariosPOM.spec.js","",""
"","4198","shows error dialog","chromeProject","2026-10-10","passed","2026-10-10","Test 4,5,6 : Verify login with invalid credentials > invalid username and password","loginScenariosPOM.spec.js","",""
"","14844","Test 7, 8 and 9 : purchase Apple monitor 24 under Monitors","chromeProject","2026-10-10","passed","2026-10-10","","productPurchasePOM.spec.js","",""
"","7100","Test 10: Verify Logout functionality","chromeProject","2026-10-10","passed","2026-10-10","logout with valid creds","loginScenariosPOM.spec.js","",""
"","4639","Test 1: Verify Sign up with valid credentials","chromeProject","2026-10-10","passed","2026-10-10","signUp","signUpScenarios.spec.js","",""
"","7586","Test 3: Verify Login with Valid Credentials","chromeProject","2026-10-10","passed","2026-10-10","login with valid creds","loginScenariosPOM.spec.js","",""
"","15956","Test 7, 8 and 9 : purchase Samsung galaxy s6 under undefined","chromeProject","2026-10-10","passed","2026-10-10","","productPurchasePOM.spec.js","",""
"","3605","Test 2: Verify Sign up with Close button","chromeProject","2026-10-10","passed","2026-10-10","signUp with close","signUpScenarios.spec.js","",""
"","13876","Test 7, 8 and 9 : purchase Nokia lumia 1520 under Phones","chromeProject","2026-10-10","passed","2026-10-10","","productPurchasePOM.spec.js","",""
